<?xml version="1.0" encoding="UTF-8"?>
<jcr:root xmlns:sling="http://sling.apache.org/jcr/sling/1.0" xmlns:granite="http://www.adobe.com/jcr/granite/1.0" xmlns:cq="http://www.day.com/jcr/cq/1.0" xmlns:jcr="http://www.jcp.org/jcr/1.0" xmlns:nt="http://www.jcp.org/jcr/nt/1.0"
    jcr:primaryType="nt:unstructured"
    jcr:title="Page"
    sling:resourceType="cq/gui/components/authoring/dialog"
    extraClientlibs="[cq.common.wcm,core.wcm.components.page.v2.editor,cq.wcm.msm.properties,granite.contexthub.configuration]"
    helpPath="https://www.adobe.com/go/aem_cmp_page_v2"
    mode="edit">
    <content
        granite:class="cq-dialog-content-page"
        jcr:primaryType="nt:unstructured"
        sling:resourceType="granite/ui/components/coral/foundation/container">
        <items jcr:primaryType="nt:unstructured">
            <tabs
                granite:class="cq-siteadmin-admin-properties-tabs"
                jcr:primaryType="nt:unstructured"
                sling:resourceType="granite/ui/components/coral/foundation/tabs"
                size="L">
                <items jcr:primaryType="nt:unstructured">
                    <article
                        cq:showOnCreate="{Boolean}true"
                        jcr:primaryType="nt:unstructured"
                        jcr:title="Article Feed Data"
                        sling:orderBefore="advanced"
                        sling:resourceType="granite/ui/components/coral/foundation/fixedcolumns">
                        <items jcr:primaryType="nt:unstructured">
                            <column
                                jcr:primaryType="nt:unstructured"
                                sling:resourceType="granite/ui/components/coral/foundation/container">
                                <items jcr:primaryType="nt:unstructured">
                                    
                                    <section
                                        jcr:primaryType="nt:unstructured"
                                        jcr:title="Article Meta"
                                        sling:resourceType="granite/ui/components/coral/foundation/form/fieldset">
                                        <items jcr:primaryType="nt:unstructured">
                                            <feedtitle
                                                cq:showOnCreate="{Boolean}true"
                                                jcr:primaryType="nt:unstructured"
                                                sling:resourceType="granite/ui/components/coral/foundation/form/textfield"
                                                fieldLabel="Title for Feed"
                                                maxlength="{Long}25"
                                                name="./feedTitle"/>
                                            <feedDesc
                                                cq:showOnCreate="{Boolean}true"
                                                jcr:primaryType="nt:unstructured"
                                                sling:resourceType="granite/ui/components/coral/foundation/form/textarea"
                                                fieldLabel="Description for Feed"
                                                maxlength="{Long}60"
                                                required="{Boolean}true"
                                                name="./feedDesc"/>
                                            
                                                
                                        </items>
                                    </section>
                                </items>
                            </column>
                        </items>
                    </article>
                </items>
            </tabs>
        </items>
    </content>
</jcr:root>
