<?xml version="1.0" encoding="UTF-8"?>
<jcr:root xmlns:sling="http://sling.apache.org/jcr/sling/1.0" xmlns:cq="http://www.day.com/jcr/cq/1.0" xmlns:jcr="http://www.jcp.org/jcr/1.0" xmlns:nt="http://www.jcp.org/jcr/nt/1.0" xmlns:rep="internal"
    jcr:mixinTypes="[rep:AccessControllable]"
    jcr:primaryType="cq:Page">
    <wcm jcr:primaryType="nt:unstructured">
        <foundation jcr:primaryType="nt:unstructured">
            <components jcr:primaryType="nt:unstructured">
                <responsivegrid jcr:primaryType="nt:unstructured">
                    <content-default
                        jcr:description="Policy for editable layout containers"
                        jcr:lastModified="{Date}2018-07-13T19:15:34.070-06:00"
                        jcr:lastModifiedBy="admin"
                        jcr:primaryType="nt:unstructured"
                        jcr:title="full-stack-training Default"
                        sling:resourceType="wcm/core/components/policy/policy"
                        components="[/libs/wcm/foundation/components/responsivegrid,group:full-stack-training,/apps/full-stack-training/components/form/container,group:full-stack-training.structure]"
                        policyResourceType="wcm/foundation/components/responsivegrid">
                        <cq:authoring jcr:primaryType="nt:unstructured">
                            <assetToComponentMapping jcr:primaryType="nt:unstructured">
                                <image
                                    jcr:primaryType="nt:unstructured"
                                    assetGroup="media"
                                    assetMimetype="image/*"
                                    droptarget="image"
                                    resourceType="full-stack-training/components/content/image"
                                    type="Images"/>
                            </assetToComponentMapping>
                        </cq:authoring>
                        <jcr:content
                            cq:lastReplicated="{Date}2018-08-04T23:00:01.455-06:00"
                            cq:lastReplicatedBy="admin"
                            cq:lastReplicationAction="Activate"
                            jcr:mixinTypes="[cq:ReplicationStatus]"
                            jcr:primaryType="nt:unstructured"
                            mergeList="{Boolean}true"/>
                    </content-default>
                    <policy_273366039053945
                        jcr:lastModified="{Date}2018-07-13T19:20:06.100-06:00"
                        jcr:lastModifiedBy="admin"
                        jcr:primaryType="nt:unstructured"
                        jcr:title="Training Content"
                        sling:resourceType="wcm/core/components/policy/policy"
                        components="[/libs/wcm/foundation/components/responsivegrid,group:full-stack-training]">
                        <jcr:content
                            cq:lastReplicated="{Date}2018-08-04T23:00:01.455-06:00"
                            cq:lastReplicatedBy="admin"
                            cq:lastReplicationAction="Activate"
                            jcr:mixinTypes="[cq:ReplicationStatus]"
                            jcr:primaryType="nt:unstructured"/>
                        <cq:authoring jcr:primaryType="nt:unstructured">
                            <assetToComponentMapping jcr:primaryType="nt:unstructured">
                                <mapping_1531531184225
                                    jcr:primaryType="nt:unstructured"
                                    assetGroup="media"
                                    assetMimetype="image/*"
                                    droptarget="image"
                                    resourceType="full-stack-training/components/content/image"/>
                            </assetToComponentMapping>
                        </cq:authoring>
                    </policy_273366039053945>
                    <policy_1533483073050
                        jcr:lastModified="{Date}2018-08-08T22:18:28.586-06:00"
                        jcr:lastModifiedBy="admin"
                        jcr:primaryType="nt:unstructured"
                        jcr:title="Full Stack Content"
                        sling:resourceType="wcm/core/components/policy/policy"
                        components="[/apps/full-stack-training/components/content/articlefeed,/apps/full-stack-training/components/content/text,/apps/full-stack-training/components/content/title]">
                        <jcr:content
                            cq:lastReplicated="{Date}2018-08-08T22:19:37.271-06:00"
                            cq:lastReplicatedBy="admin"
                            cq:lastReplicationAction="Activate"
                            jcr:mixinTypes="[cq:ReplicationStatus]"
                            jcr:primaryType="nt:unstructured"/>
                    </policy_1533483073050>
                </responsivegrid>
            </components>
        </foundation>
    </wcm>
    <full-stack-training jcr:primaryType="nt:unstructured">
        <components jcr:primaryType="nt:unstructured">
            <form jcr:primaryType="nt:unstructured">
                <container jcr:primaryType="nt:unstructured">
                    <form-container
                        jcr:primaryType="nt:unstructured"
                        jcr:title="full-stack-training Form"
                        sling:resourceType="wcm/core/components/policy/policy"
                        components="[/apps/full-stack-training/components/form/button,/apps/full-stack-training/components/form/hidden,/apps/full-stack-training/components/form/options,/apps/full-stack-training/components/form/text]">
                        <jcr:content
                            cq:lastReplicated="{Date}2018-08-08T22:19:37.271-06:00"
                            cq:lastReplicatedBy="admin"
                            cq:lastReplicationAction="Activate"
                            jcr:mixinTypes="[cq:ReplicationStatus]"
                            jcr:primaryType="nt:unstructured"/>
                    </form-container>
                </container>
            </form>
            <content jcr:primaryType="nt:unstructured">
                <image jcr:primaryType="nt:unstructured"/>
                <text jcr:primaryType="nt:unstructured"/>
                <title jcr:primaryType="nt:unstructured"/>
            </content>
        </components>
    </full-stack-training>
    <policy_1533445754332
        jcr:lastModified="{Date}2018-08-04T23:09:26.681-06:00"
        jcr:lastModifiedBy="admin"
        jcr:primaryType="nt:unstructured"
        jcr:title="Test"
        sling:resourceType="wcm/core/components/policy/policy"
        components="group:Address">
        <jcr:content
            cq:lastReplicated="{Date}2018-08-04T23:09:57.272-06:00"
            cq:lastReplicatedBy="admin"
            cq:lastReplicationAction="Activate"
            jcr:mixinTypes="[cq:ReplicationStatus]"
            jcr:primaryType="nt:unstructured"/>
        <section jcr:primaryType="nt:unstructured"/>
    </policy_1533445754332>
</jcr:root>
