<?xml version="1.0" encoding="UTF-8"?>
<jcr:root xmlns:sling="http://sling.apache.org/jcr/sling/1.0" xmlns:cq="http://www.day.com/jcr/cq/1.0" xmlns:jcr="http://www.jcp.org/jcr/1.0" xmlns:nt="http://www.jcp.org/jcr/nt/1.0"
    jcr:primaryType="cq:Page">
    <jcr:content
        cq:lastModified="{Date}2017-07-16T22:10:07.071-06:00"
        cq:lastModifiedBy="admin"
        cq:template="/apps/training/templates/contentpage"
        jcr:primaryType="cq:PageContent"
        jcr:title="English"
        sling:resourceType="training/components/structure/contentpage">
        <image jcr:primaryType="nt:unstructured">
            <file/>
        </image>
    </jcr:content>
    <about/>
    <communities/>
    <experiences/>
    <products/>
</jcr:root>
