<?xml version="1.0" encoding="UTF-8"?>
<jcr:root xmlns:sling="http://sling.apache.org/jcr/sling/1.0" xmlns:cq="http://www.day.com/jcr/cq/1.0" xmlns:jcr="http://www.jcp.org/jcr/1.0" xmlns:nt="http://www.jcp.org/jcr/nt/1.0"
    jcr:primaryType="cq:Page">
    <jcr:content
        cq:lastModified="{Date}2017-07-27T22:53:14.689-06:00"
        cq:lastModifiedBy="admin"
        cq:template="/apps/training/templates/contentpage"
        jcr:primaryType="cq:PageContent"
        jcr:title="Products"
        sling:resourceType="training/components/structure/contentpage">
        <image jcr:primaryType="nt:unstructured">
            <file/>
        </image>
        <title
            jcr:lastModified="{Date}2017-07-27T22:25:23.247-06:00"
            jcr:lastModifiedBy="admin"
            jcr:primaryType="nt:unstructured"
            jcr:title="Directly On the Page"
            sling:resourceType="training/components/structure/title"/>
        <hero
            jcr:lastModified="{Date}2017-07-27T22:53:14.687-06:00"
            jcr:lastModifiedBy="admin"
            jcr:primaryType="nt:unstructured"
            jcr:title="Hello Pluralsight"
            sling:resourceType="training/components/structure/hero"
            fileReference="/content/dam/assets-from-sample-package/Superior-Striped-Rock.jpg"
            height="0"
            width="0"/>
    </jcr:content>
    <biking/>
    <hiking/>
    <running/>
    <skiing/>
</jcr:root>
